{
  "dataset_revision": "0fd18e25b25c072e09e0d92ab615fda904d66300",
  "mteb_dataset_name": "Banking77Classification",
  "mteb_version": "1.0.2",
  "test": {
    "accuracy": 0.7737012987012987,
    "accuracy_stderr": 0.008724044702950925,
    "evaluation_time": 153.61,
    "f1": 0.7731353604513438,
    "f1_stderr": 0.008713136432763434,
    "main_score": 0.7737012987012987
  }
}