{
  "dataset_revision": "4f58c6b202a23cf9a4da393831edf4f9183cad37",
  "mteb_dataset_name": "EmotionClassification",
  "mteb_version": "1.0.2",
  "test": {
    "accuracy": 0.33039999999999997,
    "accuracy_stderr": 0.02728992488080537,
    "evaluation_time": 62.87,
    "f1": 0.29837756713558095,
    "f1_stderr": 0.020438086453444654,
    "main_score": 0.33039999999999997
  },
  "validation": {
    "accuracy": 0.3286,
    "accuracy_stderr": 0.028787844657077056,
    "evaluation_time": 59.3,
    "f1": 0.3023506136404484,
    "f1_stderr": 0.021560218594943364,
    "main_score": 0.3286
  }
}