{
  "dataset_revision": "4f58c6b202a23cf9a4da393831edf4f9183cad37",
  "mteb_dataset_name": "EmotionClassification",
  "mteb_version": "1.0.2",
  "test": {
    "accuracy": 0.3204,
    "accuracy_stderr": 0.03585233604662324,
    "evaluation_time": 59.9,
    "f1": 0.2856974204851018,
    "f1_stderr": 0.028159814121364014,
    "main_score": 0.3204
  },
  "validation": {
    "accuracy": 0.32194999999999996,
    "accuracy_stderr": 0.028845666918967228,
    "evaluation_time": 57.19,
    "f1": 0.2915746636967615,
    "f1_stderr": 0.022803296718476418,
    "main_score": 0.32194999999999996
  }
}