{
  "dataset_revision": "0fd18e25b25c072e09e0d92ab615fda904d66300",
  "mteb_dataset_name": "Banking77Classification",
  "mteb_version": "1.0.2",
  "test": {
    "accuracy": 0.7694805194805194,
    "accuracy_stderr": 0.01094497807751209,
    "evaluation_time": 139.93,
    "f1": 0.7692443998716645,
    "f1_stderr": 0.011109699929160284,
    "main_score": 0.7694805194805194
  }
}