{
  "dataset_revision": "4f58c6b202a23cf9a4da393831edf4f9183cad37",
  "mteb_dataset_name": "EmotionClassification",
  "mteb_version": "1.0.2",
  "test": {
    "accuracy": 0.30715000000000003,
    "accuracy_stderr": 0.01986586267948111,
    "evaluation_time": 49.16,
    "f1": 0.2719238446967641,
    "f1_stderr": 0.015964588340684406,
    "main_score": 0.30715000000000003
  },
  "validation": {
    "accuracy": 0.30970000000000003,
    "accuracy_stderr": 0.019561697267875308,
    "evaluation_time": 51.15,
    "f1": 0.2789909703439503,
    "f1_stderr": 0.017181967256884572,
    "main_score": 0.30970000000000003
  }
}