{
  "dataset_revision": null,
  "mteb_dataset_name": "SciFact",
  "mteb_version": "1.0.2",
  "test": {
    "evaluation_time": 5836.22,
    "map_at_1": 0.51456,
    "map_at_10": 0.60827,
    "map_at_100": 0.61595,
    "map_at_1000": 0.6163,
    "map_at_3": 0.57518,
    "map_at_5": 0.59435,
    "mrr_at_1": 0.53333,
    "mrr_at_10": 0.61774,
    "mrr_at_100": 0.62371,
    "mrr_at_1000": 0.62405,
    "mrr_at_3": 0.59278,
    "mrr_at_5": 0.60778,
    "ndcg_at_1": 0.53333,
    "ndcg_at_10": 0.6557,
    "ndcg_at_100": 0.68911,
    "ndcg_at_1000": 0.69653,
    "ndcg_at_3": 0.60009,
    "ndcg_at_5": 0.62803,
    "precision_at_1": 0.53333,
    "precision_at_10": 0.08933,
    "precision_at_100": 0.0107,
    "precision_at_1000": 0.00113,
    "precision_at_3": 0.23333,
    "precision_at_5": 0.158,
    "recall_at_1": 0.51456,
    "recall_at_10": 0.79011,
    "recall_at_100": 0.94167,
    "recall_at_1000": 0.99667,
    "recall_at_3": 0.64506,
    "recall_at_5": 0.71211
  }
}