{
  "dataset_revision": "4f58c6b202a23cf9a4da393831edf4f9183cad37",
  "mteb_dataset_name": "EmotionClassification",
  "mteb_version": "1.0.2",
  "test": {
    "accuracy": 0.42205000000000004,
    "accuracy_stderr": 0.024989447773010112,
    "evaluation_time": 28.16,
    "f1": 0.3753184612575208,
    "f1_stderr": 0.016853620282108375,
    "main_score": 0.42205000000000004
  },
  "validation": {
    "accuracy": 0.42555,
    "accuracy_stderr": 0.020618498975434663,
    "evaluation_time": 30.11,
    "f1": 0.3865427902151989,
    "f1_stderr": 0.015936006450450034,
    "main_score": 0.42555
  }
}