{
  "dataset_revision": "1399c76144fd37290681b995c656ef9b2e06e26d",
  "mteb_dataset_name": "AmazonReviewsClassification",
  "mteb_version": "1.0.2",
  "test": {
    "de": {
      "accuracy": 0.23586000000000001,
      "accuracy_stderr": 0.015010676200624668,
      "f1": 0.23104856447737418,
      "f1_stderr": 0.013904736615628606,
      "main_score": 0.23586000000000001
    },
    "en": {
      "accuracy": 0.26324,
      "accuracy_stderr": 0.014329773201275731,
      "f1": 0.2569754327341638,
      "f1_stderr": 0.01271690596304717,
      "main_score": 0.26324
    },
    "es": {
      "accuracy": 0.23628,
      "accuracy_stderr": 0.011751833899438848,
      "f1": 0.23273731534884537,
      "f1_stderr": 0.010459189975090648,
      "main_score": 0.23628
    },
    "evaluation_time": 113.21,
    "fr": {
      "accuracy": 0.25064,
      "accuracy_stderr": 0.012425071428366118,
      "f1": 0.24853925006412556,
      "f1_stderr": 0.012605367170351142,
      "main_score": 0.25064
    },
    "ja": {
      "accuracy": 0.21988,
      "accuracy_stderr": 0.010336808017952158,
      "f1": 0.21570750110906026,
      "f1_stderr": 0.012066523232357091,
      "main_score": 0.21988
    },
    "zh": {
      "accuracy": 0.2198,
      "accuracy_stderr": 0.007885683229752513,
      "f1": 0.21610419594963318,
      "f1_stderr": 0.009201097845571056,
      "main_score": 0.2198
    }
  },
  "validation": {
    "de": {
      "accuracy": 0.23744,
      "accuracy_stderr": 0.017288794058580262,
      "f1": 0.23270599957506488,
      "f1_stderr": 0.01691765952526004,
      "main_score": 0.23744
    },
    "en": {
      "accuracy": 0.25858,
      "accuracy_stderr": 0.011596361498332146,
      "f1": 0.25285228455510333,
      "f1_stderr": 0.009858567397758925,
      "main_score": 0.25858
    },
    "es": {
      "accuracy": 0.23778000000000002,
      "accuracy_stderr": 0.011060000000000007,
      "f1": 0.2340216460620698,
      "f1_stderr": 0.00910276720040041,
      "main_score": 0.23778000000000002
    },
    "evaluation_time": 114.03,
    "fr": {
      "accuracy": 0.24580000000000002,
      "accuracy_stderr": 0.01600199987501563,
      "f1": 0.2431716013830411,
      "f1_stderr": 0.015500582085842476,
      "main_score": 0.24580000000000002
    },
    "ja": {
      "accuracy": 0.21955999999999998,
      "accuracy_stderr": 0.008587339518151126,
      "f1": 0.21549308968397632,
      "f1_stderr": 0.009708369310880823,
      "main_score": 0.21955999999999998
    },
    "zh": {
      "accuracy": 0.22218,
      "accuracy_stderr": 0.009800183671748201,
      "f1": 0.21831030754175806,
      "f1_stderr": 0.010127065839421722,
      "main_score": 0.22218
    }
  }
}