{
  "dataset_revision": "e8379541af4e31359cca9fbcf4b00f2671dba205",
  "mteb_dataset_name": "AmazonCounterfactualClassification",
  "mteb_version": "1.0.2",
  "test": {
    "de": {
      "accuracy": 0.5297644539614561,
      "accuracy_stderr": 0.02262016446437634,
      "ap": 0.7150697501152605,
      "ap_stderr": 0.008330368465565164,
      "f1": 0.5131125687270739,
      "f1_stderr": 0.017488859532949527,
      "main_score": 0.5297644539614561
    },
    "en": {
      "accuracy": 0.5717910447761194,
      "accuracy_stderr": 0.05723428147678589,
      "ap": 0.22684688391700608,
      "ap_stderr": 0.01775814342462282,
      "f1": 0.5127256023598199,
      "f1_stderr": 0.03977333454804706,
      "main_score": 0.5717910447761194
    },
    "en-ext": {
      "accuracy": 0.5907046476761619,
      "accuracy_stderr": 0.038686760789361264,
      "ap": 0.12382837772312794,
      "ap_stderr": 0.007667337387189715,
      "f1": 0.4718169714340023,
      "f1_stderr": 0.023644473081190488,
      "main_score": 0.5907046476761619
    },
    "evaluation_time": 13.2,
    "ja": {
      "accuracy": 0.5649892933618844,
      "accuracy_stderr": 0.0482821897132292,
      "ap": 0.11822622082681433,
      "ap_stderr": 0.008848151488307641,
      "f1": 0.4541841574282026,
      "f1_stderr": 0.029036856053528477,
      "main_score": 0.5649892933618844
    }
  },
  "validation": {
    "de": {
      "accuracy": 0.5171673819742488,
      "accuracy_stderr": 0.021243551366119454,
      "ap": 0.7075561719732105,
      "ap_stderr": 0.007856985547889984,
      "f1": 0.49710460050343014,
      "f1_stderr": 0.01611916016960541,
      "main_score": 0.5171673819742488
    },
    "en": {
      "accuracy": 0.5656716417910448,
      "accuracy_stderr": 0.04990077032509265,
      "ap": 0.20031517441476585,
      "ap_stderr": 0.01238159102878489,
      "f1": 0.4985048728731238,
      "f1_stderr": 0.032939050559478225,
      "main_score": 0.5656716417910448
    },
    "en-ext": {
      "accuracy": 0.5777777777777778,
      "accuracy_stderr": 0.02843195286136848,
      "ap": 0.11366451912786439,
      "ap_stderr": 0.008120364528862715,
      "f1": 0.45598803591680037,
      "f1_stderr": 0.011231075687142926,
      "main_score": 0.5777777777777778
    },
    "evaluation_time": 13.08,
    "ja": {
      "accuracy": 0.5607296137339055,
      "accuracy_stderr": 0.0516186985890157,
      "ap": 0.11188794905162,
      "ap_stderr": 0.008741823258206858,
      "f1": 0.4469367423491416,
      "f1_stderr": 0.028857531708148434,
      "main_score": 0.5607296137339055
    }
  }
}