{
  "dataset_revision": null,
  "mteb_dataset_name": "ArguAna",
  "mteb_version": "1.0.2",
  "test": {
    "evaluation_time": 26.53,
    "map_at_1": 0.16501,
    "map_at_10": 0.28235,
    "map_at_100": 0.29837,
    "map_at_1000": 0.29865,
    "map_at_3": 0.23613,
    "map_at_5": 0.25982,
    "mrr_at_1": 0.16714,
    "mrr_at_10": 0.2833,
    "mrr_at_100": 0.29938,
    "mrr_at_1000": 0.29966,
    "mrr_at_3": 0.23684,
    "mrr_at_5": 0.2607,
    "ndcg_at_1": 0.16501,
    "ndcg_at_10": 0.35825,
    "ndcg_at_100": 0.43217,
    "ndcg_at_1000": 0.43902,
    "ndcg_at_3": 0.26085,
    "ndcg_at_5": 0.30343,
    "precision_at_1": 0.16501,
    "precision_at_10": 0.0606,
    "precision_at_100": 0.00942,
    "precision_at_1000": 0.001,
    "precision_at_3": 0.11095,
    "precision_at_5": 0.0872,
    "recall_at_1": 0.16501,
    "recall_at_10": 0.60597,
    "recall_at_100": 0.94239,
    "recall_at_1000": 0.99502,
    "recall_at_3": 0.33286,
    "recall_at_5": 0.43599
  }
}