{
  "dataset_revision": "d3fb88f8f02e40887cd149695127462bbcf29b4a",
  "mteb_dataset_name": "BIOSSES",
  "mteb_version": "1.0.2",
  "test": {
    "cos_sim": {
      "pearson": 0.6825141445338937,
      "spearman": 0.6593343004877477
    },
    "euclidean": {
      "pearson": 0.46492646304769397,
      "spearman": 0.49978849645367174
    },
    "evaluation_time": 0.28,
    "manhattan": {
      "pearson": 0.4627172142860511,
      "spearman": 0.4931076213338337
    }
  }
}