{
  "dataset_revision": "d51519689f32196a32af33b075a01d0e7c51e252",
  "mteb_dataset_name": "BUCC",
  "mteb_version": "1.0.2",
  "test": {
    "de-en": {
      "accuracy": 0.018475991649269313,
      "f1": 0.017078119529558216,
      "precision": 0.01664478064269296,
      "recall": 0.018475991649269313
    },
    "evaluation_time": 2083.98,
    "fr-en": {
      "accuracy": 0.043583535108958835,
      "f1": 0.041420573458874135,
      "precision": 0.040782390937658765,
      "recall": 0.043583535108958835
    },
    "ru-en": {
      "accuracy": 6.927606511950121e-05,
      "f1": 6.927606511950121e-05,
      "precision": 6.927606511950121e-05,
      "recall": 6.927606511950121e-05
    },
    "zh-en": {
      "accuracy": 0.0,
      "f1": 0.0,
      "precision": 0.0,
      "recall": 0.0
    }
  }
}