{
  "dataset_revision": null,
  "mteb_dataset_name": "ClimateFEVER",
  "mteb_version": "1.0.2",
  "test": {
    "evaluation_time": 8460.97,
    "map_at_1": 0.03906,
    "map_at_10": 0.07292,
    "map_at_100": 0.08256,
    "map_at_1000": 0.08443,
    "map_at_3": 0.05942,
    "map_at_5": 0.06588,
    "mrr_at_1": 0.0886,
    "mrr_at_10": 0.15337,
    "mrr_at_100": 0.16578,
    "mrr_at_1000": 0.16669,
    "mrr_at_3": 0.12997,
    "mrr_at_5": 0.14176,
    "ndcg_at_1": 0.0886,
    "ndcg_at_10": 0.11316,
    "ndcg_at_100": 0.16571,
    "ndcg_at_1000": 0.20913,
    "ndcg_at_3": 0.08561,
    "ndcg_at_5": 0.09482,
    "precision_at_1": 0.0886,
    "precision_at_10": 0.03726,
    "precision_at_100": 0.00932,
    "precision_at_1000": 0.00172,
    "precision_at_3": 0.06558,
    "precision_at_5": 0.05186,
    "recall_at_1": 0.03906,
    "recall_at_10": 0.14941,
    "recall_at_100": 0.33819,
    "recall_at_1000": 0.59233,
    "recall_at_3": 0.08299,
    "recall_at_5": 0.10752
  }
}