{
  "dataset_revision": null,
  "mteb_dataset_name": "CQADupstackTexRetrieval",
  "mteb_version": "1.0.2",
  "test": {
    "evaluation_time": 209.77,
    "map_at_1": 0.09766,
    "map_at_10": 0.14474,
    "map_at_100": 0.1541,
    "map_at_1000": 0.15542,
    "map_at_3": 0.12905,
    "map_at_5": 0.13729,
    "mrr_at_1": 0.1201,
    "mrr_at_10": 0.17215,
    "mrr_at_100": 0.18069,
    "mrr_at_1000": 0.18167,
    "mrr_at_3": 0.15611,
    "mrr_at_5": 0.16461,
    "ndcg_at_1": 0.1201,
    "ndcg_at_10": 0.17745,
    "ndcg_at_100": 0.2253,
    "ndcg_at_1000": 0.26133,
    "ndcg_at_3": 0.14856,
    "ndcg_at_5": 0.16094,
    "precision_at_1": 0.1201,
    "precision_at_10": 0.03424,
    "precision_at_100": 0.00692,
    "precision_at_1000": 0.00118,
    "precision_at_3": 0.07249,
    "precision_at_5": 0.0532,
    "recall_at_1": 0.09766,
    "recall_at_10": 0.2491,
    "recall_at_100": 0.46972,
    "recall_at_1000": 0.73695,
    "recall_at_3": 0.1659,
    "recall_at_5": 0.19888
  }
}