{
  "dataset_revision": null,
  "mteb_dataset_name": "CQADupstackUnixRetrieval",
  "mteb_version": "1.0.2",
  "test": {
    "evaluation_time": 116.94,
    "map_at_1": 0.17718,
    "map_at_10": 0.23986,
    "map_at_100": 0.2506,
    "map_at_1000": 0.25202,
    "map_at_3": 0.21739,
    "map_at_5": 0.23079,
    "mrr_at_1": 0.21269,
    "mrr_at_10": 0.2719,
    "mrr_at_100": 0.2814,
    "mrr_at_1000": 0.28235,
    "mrr_at_3": 0.24984,
    "mrr_at_5": 0.26281,
    "ndcg_at_1": 0.21269,
    "ndcg_at_10": 0.27954,
    "ndcg_at_100": 0.33298,
    "ndcg_at_1000": 0.36582,
    "ndcg_at_3": 0.23906,
    "ndcg_at_5": 0.25932,
    "precision_at_1": 0.21269,
    "precision_at_10": 0.04925,
    "precision_at_100": 0.00872,
    "precision_at_1000": 0.00127,
    "precision_at_3": 0.11007,
    "precision_at_5": 0.0806,
    "recall_at_1": 0.17718,
    "recall_at_10": 0.36875,
    "recall_at_100": 0.60724,
    "recall_at_1000": 0.84313,
    "recall_at_3": 0.25741,
    "recall_at_5": 0.30896
  }
}