{
  "dataset_revision": null,
  "mteb_dataset_name": "CQADupstackEnglishRetrieval",
  "mteb_version": "1.0.2",
  "test": {
    "evaluation_time": 63.03,
    "map_at_1": 0.18374,
    "map_at_10": 0.2549,
    "map_at_100": 0.26569,
    "map_at_1000": 0.26706,
    "map_at_3": 0.23313,
    "map_at_5": 0.24546,
    "mrr_at_1": 0.23376,
    "mrr_at_10": 0.29656,
    "mrr_at_100": 0.30507,
    "mrr_at_1000": 0.30585,
    "mrr_at_3": 0.27909,
    "mrr_at_5": 0.28851,
    "ndcg_at_1": 0.23376,
    "ndcg_at_10": 0.29641,
    "ndcg_at_100": 0.34241,
    "ndcg_at_1000": 0.37317,
    "ndcg_at_3": 0.26505,
    "ndcg_at_5": 0.27918,
    "precision_at_1": 0.23376,
    "precision_at_10": 0.05707,
    "precision_at_100": 0.01007,
    "precision_at_1000": 0.00157,
    "precision_at_3": 0.1293,
    "precision_at_5": 0.09261,
    "recall_at_1": 0.18374,
    "recall_at_10": 0.37407,
    "recall_at_100": 0.57633,
    "recall_at_1000": 0.7873,
    "recall_at_3": 0.27991,
    "recall_at_5": 0.32081
  }
}