{
  "dataset_revision": null,
  "mteb_dataset_name": "CQADupstackGisRetrieval",
  "mteb_version": "1.0.2",
  "test": {
    "evaluation_time": 94.01,
    "map_at_1": 0.16171,
    "map_at_10": 0.22338,
    "map_at_100": 0.23401,
    "map_at_1000": 0.2351,
    "map_at_3": 0.20443,
    "map_at_5": 0.21504,
    "mrr_at_1": 0.17288,
    "mrr_at_10": 0.23677,
    "mrr_at_100": 0.24635,
    "mrr_at_1000": 0.24726,
    "mrr_at_3": 0.21733,
    "mrr_at_5": 0.22738,
    "ndcg_at_1": 0.17288,
    "ndcg_at_10": 0.25957,
    "ndcg_at_100": 0.31303,
    "ndcg_at_1000": 0.34339,
    "ndcg_at_3": 0.22097,
    "ndcg_at_5": 0.23881,
    "precision_at_1": 0.17288,
    "precision_at_10": 0.04068,
    "precision_at_100": 0.00715,
    "precision_at_1000": 0.00103,
    "precision_at_3": 0.09303,
    "precision_at_5": 0.06644,
    "recall_at_1": 0.16171,
    "recall_at_10": 0.3585,
    "recall_at_100": 0.60712,
    "recall_at_1000": 0.84082,
    "recall_at_3": 0.25503,
    "recall_at_5": 0.29628
  }
}