{
  "dataset_revision": null,
  "mteb_dataset_name": "CQADupstackProgrammersRetrieval",
  "mteb_version": "1.0.2",
  "test": {
    "evaluation_time": 81.35,
    "map_at_1": 0.14718,
    "map_at_10": 0.21489,
    "map_at_100": 0.22514,
    "map_at_1000": 0.22667,
    "map_at_3": 0.19188,
    "map_at_5": 0.20473,
    "mrr_at_1": 0.18379,
    "mrr_at_10": 0.25474,
    "mrr_at_100": 0.26339,
    "mrr_at_1000": 0.26434,
    "mrr_at_3": 0.23383,
    "mrr_at_5": 0.24547,
    "ndcg_at_1": 0.18379,
    "ndcg_at_10": 0.25894,
    "ndcg_at_100": 0.30997,
    "ndcg_at_1000": 0.34585,
    "ndcg_at_3": 0.21901,
    "ndcg_at_5": 0.237,
    "precision_at_1": 0.18379,
    "precision_at_10": 0.04886,
    "precision_at_100": 0.00886,
    "precision_at_1000": 0.00139,
    "precision_at_3": 0.10616,
    "precision_at_5": 0.07785,
    "recall_at_1": 0.14718,
    "recall_at_10": 0.35421,
    "recall_at_100": 0.58344,
    "recall_at_1000": 0.83604,
    "recall_at_3": 0.24093,
    "recall_at_5": 0.28788
  }
}