{
  "dataset_revision": null,
  "mteb_dataset_name": "CQADupstackStatsRetrieval",
  "mteb_version": "1.0.2",
  "test": {
    "evaluation_time": 125.05,
    "map_at_1": 0.13135,
    "map_at_10": 0.17774,
    "map_at_100": 0.18658,
    "map_at_1000": 0.1878,
    "map_at_3": 0.16453,
    "map_at_5": 0.1704,
    "mrr_at_1": 0.15337,
    "mrr_at_10": 0.20279,
    "mrr_at_100": 0.21068,
    "mrr_at_1000": 0.21174,
    "mrr_at_3": 0.18993,
    "mrr_at_5": 0.19553,
    "ndcg_at_1": 0.15337,
    "ndcg_at_10": 0.20703,
    "ndcg_at_100": 0.2517,
    "ndcg_at_1000": 0.28463,
    "ndcg_at_3": 0.18251,
    "ndcg_at_5": 0.19097,
    "precision_at_1": 0.15337,
    "precision_at_10": 0.0339,
    "precision_at_100": 0.00621,
    "precision_at_1000": 0.00097,
    "precision_at_3": 0.0818,
    "precision_at_5": 0.05521,
    "recall_at_1": 0.13135,
    "recall_at_10": 0.27258,
    "recall_at_100": 0.47775,
    "recall_at_1000": 0.72796,
    "recall_at_3": 0.20372,
    "recall_at_5": 0.22594
  }
}