{
  "dataset_revision": null,
  "mteb_dataset_name": "CQADupstackMathematicaRetrieval",
  "mteb_version": "1.0.2",
  "test": {
    "evaluation_time": 53.5,
    "map_at_1": 0.09444,
    "map_at_10": 0.14079,
    "map_at_100": 0.15129,
    "map_at_1000": 0.15268,
    "map_at_3": 0.12372,
    "map_at_5": 0.13232,
    "mrr_at_1": 0.1194,
    "mrr_at_10": 0.16927,
    "mrr_at_100": 0.17942,
    "mrr_at_1000": 0.18043,
    "mrr_at_3": 0.15216,
    "mrr_at_5": 0.16124,
    "ndcg_at_1": 0.1194,
    "ndcg_at_10": 0.17413,
    "ndcg_at_100": 0.23152,
    "ndcg_at_1000": 0.26926,
    "ndcg_at_3": 0.14219,
    "ndcg_at_5": 0.1557,
    "precision_at_1": 0.1194,
    "precision_at_10": 0.03396,
    "precision_at_100": 0.00725,
    "precision_at_1000": 0.00121,
    "precision_at_3": 0.07007,
    "precision_at_5": 0.05149,
    "recall_at_1": 0.09444,
    "recall_at_10": 0.24936,
    "recall_at_100": 0.51611,
    "recall_at_1000": 0.79035,
    "recall_at_3": 0.16021,
    "recall_at_5": 0.19478
  }
}