{
  "dataset_revision": null,
  "mteb_dataset_name": "CQADupstackGamingRetrieval",
  "mteb_version": "1.0.2",
  "test": {
    "evaluation_time": 68.3,
    "map_at_1": 0.23753,
    "map_at_10": 0.32091,
    "map_at_100": 0.33133,
    "map_at_1000": 0.33239,
    "map_at_3": 0.29339,
    "map_at_5": 0.30877,
    "mrr_at_1": 0.27712,
    "mrr_at_10": 0.35182,
    "mrr_at_100": 0.36007,
    "mrr_at_1000": 0.36076,
    "mrr_at_3": 0.32821,
    "mrr_at_5": 0.34182,
    "ndcg_at_1": 0.27712,
    "ndcg_at_10": 0.36861,
    "ndcg_at_100": 0.41774,
    "ndcg_at_1000": 0.44286,
    "ndcg_at_3": 0.31886,
    "ndcg_at_5": 0.34296,
    "precision_at_1": 0.27712,
    "precision_at_10": 0.06207,
    "precision_at_100": 0.00957,
    "precision_at_1000": 0.00125,
    "precision_at_3": 0.14253,
    "precision_at_5": 0.10219,
    "recall_at_1": 0.23753,
    "recall_at_10": 0.48236,
    "recall_at_100": 0.70801,
    "recall_at_1000": 0.89275,
    "recall_at_3": 0.34821,
    "recall_at_5": 0.40658
  }
}