{
  "dataset_revision": null,
  "mteb_dataset_name": "CQADupstackAndroidRetrieval",
  "mteb_version": "1.0.2",
  "test": {
    "evaluation_time": 40.65,
    "map_at_1": 0.2231,
    "map_at_10": 0.30718,
    "map_at_100": 0.32157,
    "map_at_1000": 0.32304,
    "map_at_3": 0.27886,
    "map_at_5": 0.2931,
    "mrr_at_1": 0.2804,
    "mrr_at_10": 0.36313,
    "mrr_at_100": 0.37191,
    "mrr_at_1000": 0.37255,
    "mrr_at_3": 0.34072,
    "mrr_at_5": 0.3531,
    "ndcg_at_1": 0.2804,
    "ndcg_at_10": 0.36235,
    "ndcg_at_100": 0.41985,
    "ndcg_at_1000": 0.44727,
    "ndcg_at_3": 0.31929,
    "ndcg_at_5": 0.33621,
    "precision_at_1": 0.2804,
    "precision_at_10": 0.07253,
    "precision_at_100": 0.01272,
    "precision_at_1000": 0.00189,
    "precision_at_3": 0.15784,
    "precision_at_5": 0.1133,
    "recall_at_1": 0.2231,
    "recall_at_10": 0.46567,
    "recall_at_100": 0.7119,
    "recall_at_1000": 0.89553,
    "recall_at_3": 0.33372,
    "recall_at_5": 0.38578
  }
}