{
  "dataset_revision": null,
  "mteb_dataset_name": "CQADupstackWordpressRetrieval",
  "mteb_version": "1.0.2",
  "test": {
    "evaluation_time": 127.75,
    "map_at_1": 0.10487,
    "map_at_10": 0.16579,
    "map_at_100": 0.17479,
    "map_at_1000": 0.17593,
    "map_at_3": 0.14546,
    "map_at_5": 0.15624,
    "mrr_at_1": 0.1146,
    "mrr_at_10": 0.18103,
    "mrr_at_100": 0.18981,
    "mrr_at_1000": 0.19076,
    "mrr_at_3": 0.15989,
    "mrr_at_5": 0.17163,
    "ndcg_at_1": 0.1146,
    "ndcg_at_10": 0.20498,
    "ndcg_at_100": 0.25264,
    "ndcg_at_1000": 0.28553,
    "ndcg_at_3": 0.16313,
    "ndcg_at_5": 0.18195,
    "precision_at_1": 0.1146,
    "precision_at_10": 0.0366,
    "precision_at_100": 0.00647,
    "precision_at_1000": 0.00099,
    "precision_at_3": 0.07517,
    "precision_at_5": 0.05582,
    "recall_at_1": 0.10487,
    "recall_at_10": 0.31206,
    "recall_at_100": 0.53731,
    "recall_at_1000": 0.79263,
    "recall_at_3": 0.19577,
    "recall_at_5": 0.24265
  }
}