{
  "dataset_revision": null,
  "mteb_dataset_name": "CQADupstackWebmastersRetrieval",
  "mteb_version": "1.0.2",
  "test": {
    "evaluation_time": 37.56,
    "map_at_1": 0.16439,
    "map_at_10": 0.23097,
    "map_at_100": 0.2441,
    "map_at_1000": 0.24582,
    "map_at_3": 0.20544,
    "map_at_5": 0.21991,
    "mrr_at_1": 0.19368,
    "mrr_at_10": 0.26252,
    "mrr_at_100": 0.27264,
    "mrr_at_1000": 0.27352,
    "mrr_at_3": 0.23847,
    "mrr_at_5": 0.25033,
    "ndcg_at_1": 0.19368,
    "ndcg_at_10": 0.27787,
    "ndcg_at_100": 0.33604,
    "ndcg_at_1000": 0.37155,
    "ndcg_at_3": 0.23188,
    "ndcg_at_5": 0.25371,
    "precision_at_1": 0.19368,
    "precision_at_10": 0.05415,
    "precision_at_100": 0.01099,
    "precision_at_1000": 0.00199,
    "precision_at_3": 0.10804,
    "precision_at_5": 0.08261,
    "recall_at_1": 0.16439,
    "recall_at_10": 0.38105,
    "recall_at_100": 0.64534,
    "recall_at_1000": 0.88141,
    "recall_at_3": 0.25499,
    "recall_at_5": 0.30887
  }
}