{
  "dataset_revision": null,
  "mteb_dataset_name": "CQADupstackPhysicsRetrieval",
  "mteb_version": "1.0.2",
  "test": {
    "evaluation_time": 100.47,
    "map_at_1": 0.19024,
    "map_at_10": 0.26598,
    "map_at_100": 0.27802,
    "map_at_1000": 0.27948,
    "map_at_3": 0.24017,
    "map_at_5": 0.25334,
    "mrr_at_1": 0.24158,
    "mrr_at_10": 0.31539,
    "mrr_at_100": 0.32442,
    "mrr_at_1000": 0.32518,
    "mrr_at_3": 0.29211,
    "mrr_at_5": 0.30428,
    "ndcg_at_1": 0.24158,
    "ndcg_at_10": 0.31623,
    "ndcg_at_100": 0.37259,
    "ndcg_at_1000": 0.40384,
    "ndcg_at_3": 0.27243,
    "ndcg_at_5": 0.29028,
    "precision_at_1": 0.24158,
    "precision_at_10": 0.06044,
    "precision_at_100": 0.01065,
    "precision_at_1000": 0.00154,
    "precision_at_3": 0.13186,
    "precision_at_5": 0.0949,
    "recall_at_1": 0.19024,
    "recall_at_10": 0.4182,
    "recall_at_100": 0.66554,
    "recall_at_1000": 0.88189,
    "recall_at_3": 0.29328,
    "recall_at_5": 0.34107
  }
}