{
  "dataset_revision": null,
  "mteb_dataset_name": "DBPedia",
  "mteb_version": "1.0.2",
  "test": {
    "evaluation_time": 5210.91,
    "map_at_1": 0.02424,
    "map_at_10": 0.04748,
    "map_at_100": 0.06193,
    "map_at_1000": 0.06822,
    "map_at_3": 0.03618,
    "map_at_5": 0.04044,
    "mrr_at_1": 0.24,
    "mrr_at_10": 0.34006,
    "mrr_at_100": 0.34756,
    "mrr_at_1000": 0.3482,
    "mrr_at_3": 0.31208,
    "mrr_at_5": 0.32821,
    "ndcg_at_1": 0.1875,
    "ndcg_at_10": 0.14358,
    "ndcg_at_100": 0.15509,
    "ndcg_at_1000": 0.2126,
    "ndcg_at_3": 0.16445,
    "ndcg_at_5": 0.15134,
    "precision_at_1": 0.24,
    "precision_at_10": 0.1195,
    "precision_at_100": 0.03835,
    "precision_at_1000": 0.01088,
    "precision_at_3": 0.185,
    "precision_at_5": 0.1545,
    "recall_at_1": 0.02424,
    "recall_at_10": 0.08232,
    "recall_at_100": 0.18486,
    "recall_at_1000": 0.38162,
    "recall_at_3": 0.04419,
    "recall_at_5": 0.05446
  }
}