{
  "dataset_revision": "4f58c6b202a23cf9a4da393831edf4f9183cad37",
  "mteb_dataset_name": "EmotionClassification",
  "mteb_version": "1.0.2",
  "test": {
    "accuracy": 0.30724999999999997,
    "accuracy_stderr": 0.019628104849933943,
    "evaluation_time": 4.96,
    "f1": 0.27211931549247764,
    "f1_stderr": 0.015918693214666203,
    "main_score": 0.30724999999999997
  },
  "validation": {
    "accuracy": 0.3095,
    "accuracy_stderr": 0.01938943011024306,
    "evaluation_time": 4.96,
    "f1": 0.27877406190300374,
    "f1_stderr": 0.017205666352987464,
    "main_score": 0.3095
  }
}