{
  "dataset_revision": "ae001d0e6b1228650b7bd1c2c65fb50ad11a8aba",
  "mteb_dataset_name": "MTOPIntentClassification",
  "mteb_version": "1.0.2",
  "test": {
    "de": {
      "accuracy": 0.3296139757678219,
      "accuracy_stderr": 0.01161751794366671,
      "f1": 0.20817069695943222,
      "f1_stderr": 0.006751790130928761,
      "main_score": 0.3296139757678219
    },
    "en": {
      "accuracy": 0.5332877336981304,
      "accuracy_stderr": 0.01716721800895973,
      "f1": 0.37404566287005814,
      "f1_stderr": 0.011091070439035249,
      "main_score": 0.5332877336981304
    },
    "es": {
      "accuracy": 0.34246164109406274,
      "accuracy_stderr": 0.011040693795863915,
      "f1": 0.2279713002197909,
      "f1_stderr": 0.00777324702436861,
      "main_score": 0.34246164109406274
    },
    "evaluation_time": 183.87,
    "fr": {
      "accuracy": 0.3202317569683683,
      "accuracy_stderr": 0.01615516052967916,
      "f1": 0.22692116947672,
      "f1_stderr": 0.007748555128785027,
      "main_score": 0.3202317569683683
    },
    "hi": {
      "accuracy": 0.1991394765148799,
      "accuracy_stderr": 0.014450290784946009,
      "f1": 0.1229547150779144,
      "f1_stderr": 0.00515509358177383,
      "main_score": 0.1991394765148799
    },
    "th": {
      "accuracy": 0.052513562386980114,
      "accuracy_stderr": 0.014174077964139381,
      "f1": 0.02842963409129396,
      "f1_stderr": 0.004777505870927215,
      "main_score": 0.052513562386980114
    }
  },
  "validation": {
    "de": {
      "accuracy": 0.32639118457300276,
      "accuracy_stderr": 0.013538928972700977,
      "f1": 0.1940160640864387,
      "f1_stderr": 0.00979308509842463,
      "main_score": 0.32639118457300276
    },
    "en": {
      "accuracy": 0.5491275167785235,
      "accuracy_stderr": 0.020498860801174027,
      "f1": 0.35606573958557275,
      "f1_stderr": 0.01547953246903821,
      "main_score": 0.5491275167785235
    },
    "es": {
      "accuracy": 0.3557956777996071,
      "accuracy_stderr": 0.01295617846270927,
      "f1": 0.21163344500834,
      "f1_stderr": 0.008304223126553054,
      "main_score": 0.3557956777996071
    },
    "evaluation_time": 171.32,
    "fr": {
      "accuracy": 0.33005707038681037,
      "accuracy_stderr": 0.01913568673424886,
      "f1": 0.20586779614861644,
      "f1_stderr": 0.008152622896251203,
      "main_score": 0.33005707038681037
    },
    "hi": {
      "accuracy": 0.18727634194831014,
      "accuracy_stderr": 0.011474118513326503,
      "f1": 0.11878761859681157,
      "f1_stderr": 0.006568433312692835,
      "main_score": 0.18727634194831014
    },
    "th": {
      "accuracy": 0.05326152004787552,
      "accuracy_stderr": 0.0175294057640656,
      "f1": 0.023660036264418382,
      "f1_stderr": 0.0032269906291513173,
      "main_score": 0.05326152004787552
    }
  }
}