{
  "dataset_revision": "d80d48c1eb48d3562165c59d59d0034df9fff0bf",
  "mteb_dataset_name": "MTOPDomainClassification",
  "mteb_version": "1.0.2",
  "test": {
    "de": {
      "accuracy": 0.5647506339814032,
      "accuracy_stderr": 0.023142884663173758,
      "f1": 0.5477405302591556,
      "f1_stderr": 0.019225831106312503,
      "main_score": 0.5647506339814032
    },
    "en": {
      "accuracy": 0.7779753761969903,
      "accuracy_stderr": 0.01598063921532491,
      "f1": 0.7838703247969241,
      "f1_stderr": 0.012767172799810688,
      "main_score": 0.7779753761969903
    },
    "es": {
      "accuracy": 0.6181787858572382,
      "accuracy_stderr": 0.017445983717128796,
      "f1": 0.6031541667700044,
      "f1_stderr": 0.01560926644788316,
      "main_score": 0.6181787858572382
    },
    "evaluation_time": 38.39,
    "fr": {
      "accuracy": 0.5871907297212653,
      "accuracy_stderr": 0.028104222285131087,
      "f1": 0.5731482386551761,
      "f1_stderr": 0.03037905891053442,
      "main_score": 0.5871907297212653
    },
    "hi": {
      "accuracy": 0.34585873072785944,
      "accuracy_stderr": 0.01766039708755013,
      "f1": 0.3414732947813441,
      "f1_stderr": 0.01713520512789871,
      "main_score": 0.34585873072785944
    },
    "th": {
      "accuracy": 0.15880650994575043,
      "accuracy_stderr": 0.014635943117664044,
      "f1": 0.14207465431345806,
      "f1_stderr": 0.014187125981672209,
      "main_score": 0.15880650994575043
    }
  },
  "validation": {
    "de": {
      "accuracy": 0.5711845730027547,
      "accuracy_stderr": 0.020607901981632495,
      "f1": 0.5592946558626503,
      "f1_stderr": 0.017010427662303287,
      "main_score": 0.5711845730027547
    },
    "en": {
      "accuracy": 0.7836241610738255,
      "accuracy_stderr": 0.01431935113212492,
      "f1": 0.7935333610010252,
      "f1_stderr": 0.011290820753077397,
      "main_score": 0.7836241610738255
    },
    "es": {
      "accuracy": 0.6388998035363458,
      "accuracy_stderr": 0.018448996019647324,
      "f1": 0.6304842205384061,
      "f1_stderr": 0.01684235890537864,
      "main_score": 0.6388998035363458
    },
    "evaluation_time": 26.66,
    "fr": {
      "accuracy": 0.5949904882688649,
      "accuracy_stderr": 0.024645888782094057,
      "f1": 0.590063466728208,
      "f1_stderr": 0.02736570566261,
      "main_score": 0.5949904882688649
    },
    "hi": {
      "accuracy": 0.32509940357852884,
      "accuracy_stderr": 0.016913877442657894,
      "f1": 0.3219754598849105,
      "f1_stderr": 0.015999738139803033,
      "main_score": 0.32509940357852884
    },
    "th": {
      "accuracy": 0.17701974865350087,
      "accuracy_stderr": 0.014241962458638732,
      "f1": 0.1507049766681022,
      "f1_stderr": 0.013416488171015793,
      "main_score": 0.17701974865350087
    }
  }
}