{
  "dataset_revision": "6cbc1f7b2bc0622f2e39d2c77fa502909748c259",
  "mteb_dataset_name": "StackExchangeClustering",
  "mteb_version": "1.0.2",
  "test": {
    "evaluation_time": 486.87,
    "v_measure": 0.33464886411137434,
    "v_measure_std": 0.04156010144887233
  },
  "validation": {
    "evaluation_time": 535.42,
    "v_measure": 0.30471516540633736,
    "v_measure_std": 0.03990061958238516
  }
}