{
  "dataset_revision": "ae752c7c21bf194d8b67fd573edf7ae58183cbe3",
  "mteb_dataset_name": "STS15",
  "mteb_version": "1.0.2",
  "test": {
    "cos_sim": {
      "pearson": 0.7704398326417609,
      "spearman": 0.7803331894453343
    },
    "euclidean": {
      "pearson": 0.7308123616589972,
      "spearman": 0.7491750573998752
    },
    "evaluation_time": 5.41,
    "manhattan": {
      "pearson": 0.7308221373755429,
      "spearman": 0.7494533507848127
    }
  }
}