{
  "dataset_revision": "9080400076fbadbb4c4dcb136ff4eddc40b42553",
  "mteb_dataset_name": "Tatoeba",
  "mteb_version": "1.0.2",
  "test": {
    "afr-eng": {
      "accuracy": 0.023,
      "f1": 0.013582795876964484,
      "precision": 0.01236271249055125,
      "recall": 0.023
    },
    "amh-eng": {
      "accuracy": 0.005952380952380952,
      "f1": 8.753501400560226e-05,
      "precision": 4.409171075837743e-05,
      "recall": 0.005952380952380952
    },
    "ang-eng": {
      "accuracy": 0.07462686567164178,
      "f1": 0.03836130701802344,
      "precision": 0.032693351424694705,
      "recall": 0.07462686567164178
    },
    "ara-eng": {
      "accuracy": 0.001,
      "f1": 2.4390243902439023e-06,
      "precision": 1.221001221001221e-06,
      "recall": 0.001
    },
    "arq-eng": {
      "accuracy": 0.0021953896816684962,
      "f1": 0.001100115336624401,
      "precision": 0.0010989064245437781,
      "recall": 0.0021953896816684962
    },
    "arz-eng": {
      "accuracy": 0.0020964360587002098,
      "f1": 8.808554868488275e-06,
      "precision": 4.413549597263599e-06,
      "recall": 0.0020964360587002098
    },
    "ast-eng": {
      "accuracy": 0.05511811023622047,
      "f1": 0.03872584108804581,
      "precision": 0.0361614775217318,
      "recall": 0.05511811023622047
    },
    "awa-eng": {
      "accuracy": 0.004329004329004329,
      "f1": 3.748055696107644e-05,
      "precision": 1.8821757952192734e-05,
      "recall": 0.004329004329004329
    },
    "aze-eng": {
      "accuracy": 0.01,
      "f1": 0.007148336594911937,
      "precision": 0.006746336996336997,
      "recall": 0.01
    },
    "bel-eng": {
      "accuracy": 0.005,
      "f1": 0.0030240008571734704,
      "precision": 0.0030120734528629265,
      "recall": 0.005
    },
    "ben-eng": {
      "accuracy": 0.001,
      "f1": 1.4925373134328357e-05,
      "precision": 7.518796992481203e-06,
      "recall": 0.001
    },
    "ber-eng": {
      "accuracy": 0.034,
      "f1": 0.02794829882677709,
      "precision": 0.027547502450120546,
      "recall": 0.034
    },
    "bos-eng": {
      "accuracy": 0.031073446327683617,
      "f1": 0.020873518613631608,
      "precision": 0.019439252118352367,
      "recall": 0.031073446327683617
    },
    "bre-eng": {
      "accuracy": 0.015,
      "f1": 0.008102628621378621,
      "precision": 0.006661832611832612,
      "recall": 0.015
    },
    "bul-eng": {
      "accuracy": 0.002,
      "f1": 0.0010020512820512822,
      "precision": 0.0010010266940451745,
      "recall": 0.002
    },
    "cat-eng": {
      "accuracy": 0.032,
      "f1": 0.02569091395546972,
      "precision": 0.024889495133717823,
      "recall": 0.032
    },
    "cbk-eng": {
      "accuracy": 0.023,
      "f1": 0.01779263444600425,
      "precision": 0.017248775682521814,
      "recall": 0.023
    },
    "ceb-eng": {
      "accuracy": 0.01,
      "f1": 0.0055863719188642596,
      "precision": 0.005015491044902809,
      "recall": 0.01
    },
    "ces-eng": {
      "accuracy": 0.016,
      "f1": 0.010967104786520594,
      "precision": 0.01033501117027788,
      "recall": 0.016
    },
    "cha-eng": {
      "accuracy": 0.051094890510948905,
      "f1": 0.023996684580626187,
      "precision": 0.02077759795664476,
      "recall": 0.051094890510948905
    },
    "cmn-eng": {
      "accuracy": 0.005,
      "f1": 0.0017839710343477834,
      "precision": 0.001487042498487598,
      "recall": 0.005
    },
    "cor-eng": {
      "accuracy": 0.018,
      "f1": 0.011818739635157545,
      "precision": 0.010976819531436914,
      "recall": 0.018
    },
    "csb-eng": {
      "accuracy": 0.007905138339920948,
      "f1": 0.002671308215783684,
      "precision": 0.001994499189450101,
      "recall": 0.007905138339920948
    },
    "cym-eng": {
      "accuracy": 0.034782608695652174,
      "f1": 0.02532713084017432,
      "precision": 0.023786967418546367,
      "recall": 0.034782608695652174
    },
    "dan-eng": {
      "accuracy": 0.025,
      "f1": 0.018227179197567858,
      "precision": 0.01698763816306247,
      "recall": 0.025
    },
    "deu-eng": {
      "accuracy": 0.048,
      "f1": 0.04050477043864141,
      "precision": 0.038310719981772615,
      "recall": 0.048
    },
    "dsb-eng": {
      "accuracy": 0.010438413361169102,
      "f1": 0.004991827288763736,
      "precision": 0.004237018948277,
      "recall": 0.010438413361169102
    },
    "dtp-eng": {
      "accuracy": 0.008,
      "f1": 0.004489184864023018,
      "precision": 0.00427638694925929,
      "recall": 0.008
    },
    "ell-eng": {
      "accuracy": 0.001,
      "f1": 2.028397565922921e-06,
      "precision": 1.0152284263959392e-06,
      "recall": 0.001
    },
    "epo-eng": {
      "accuracy": 0.023,
      "f1": 0.01484320156048831,
      "precision": 0.013798783667517977,
      "recall": 0.023
    },
    "est-eng": {
      "accuracy": 0.015,
      "f1": 0.009686302121620518,
      "precision": 0.008887226596675415,
      "recall": 0.015
    },
    "eus-eng": {
      "accuracy": 0.016,
      "f1": 0.00863257786090204,
      "precision": 0.007703200483091787,
      "recall": 0.016
    },
    "evaluation_time": 230.29,
    "fao-eng": {
      "accuracy": 0.05725190839694656,
      "f1": 0.04298547756469931,
      "precision": 0.04115181677468007,
      "recall": 0.05725190839694656
    },
    "fin-eng": {
      "accuracy": 0.009,
      "f1": 0.006195880622110131,
      "precision": 0.0058480494090464765,
      "recall": 0.009
    },
    "fra-eng": {
      "accuracy": 0.052,
      "f1": 0.049502322880371666,
      "precision": 0.048834496124031006,
      "recall": 0.052
    },
    "fry-eng": {
      "accuracy": 0.09248554913294797,
      "f1": 0.0670714528586001,
      "precision": 0.062222660127284404,
      "recall": 0.09248554913294797
    },
    "gla-eng": {
      "accuracy": 0.015681544028950542,
      "f1": 0.007515043136590975,
      "precision": 0.006304066500893295,
      "recall": 0.015681544028950542
    },
    "gle-eng": {
      "accuracy": 0.024,
      "f1": 0.015270516904501607,
      "precision": 0.01434857015533486,
      "recall": 0.024
    },
    "glg-eng": {
      "accuracy": 0.039,
      "f1": 0.03036436761423413,
      "precision": 0.02910150569381588,
      "recall": 0.039
    },
    "gsw-eng": {
      "accuracy": 0.06837606837606838,
      "f1": 0.04146798620482831,
      "precision": 0.03627391127391127,
      "recall": 0.06837606837606838
    },
    "heb-eng": {
      "accuracy": 0.001,
      "f1": 0.001,
      "precision": 0.001,
      "recall": 0.001
    },
    "hin-eng": {
      "accuracy": 0.001,
      "f1": 3.875968992248061e-06,
      "precision": 1.941747572815534e-06,
      "recall": 0.001
    },
    "hrv-eng": {
      "accuracy": 0.013,
      "f1": 0.007902621771622181,
      "precision": 0.007326374697293265,
      "recall": 0.013
    },
    "hsb-eng": {
      "accuracy": 0.020703933747412008,
      "f1": 0.015182884748102138,
      "precision": 0.01384334452117331,
      "recall": 0.020703933747412008
    },
    "hun-eng": {
      "accuracy": 0.015,
      "f1": 0.00976239503468419,
      "precision": 0.008974632380056791,
      "recall": 0.015
    },
    "hye-eng": {
      "accuracy": 0.0026954177897574125,
      "f1": 2.094700337140244e-05,
      "precision": 1.0515620009304634e-05,
      "recall": 0.0026954177897574125
    },
    "ido-eng": {
      "accuracy": 0.026,
      "f1": 0.020644308578284736,
      "precision": 0.02016862850833,
      "recall": 0.026
    },
    "ile-eng": {
      "accuracy": 0.083,
      "f1": 0.06809735460108368,
      "precision": 0.06574050737589733,
      "recall": 0.083
    },
    "ina-eng": {
      "accuracy": 0.081,
      "f1": 0.06868847170484568,
      "precision": 0.06656712164819147,
      "recall": 0.081
    },
    "ind-eng": {
      "accuracy": 0.03,
      "f1": 0.02197333680084067,
      "precision": 0.021042084524022748,
      "recall": 0.03
    },
    "isl-eng": {
      "accuracy": 0.013,