{
  "dataset_revision": "d7c0de2777da35d6aae2200a62c6e0e5af397c4c",
  "mteb_dataset_name": "ToxicConversationsClassification",
  "mteb_version": "1.0.2",
  "test": {
    "accuracy": 0.57503,
    "accuracy_stderr": 0.04493708958087963,
    "ap": 0.09353890648807281,
    "ap_stderr": 0.006909030906575907,
    "evaluation_time": 135.18,
    "f1": 0.44425292835981295,
    "f1_stderr": 0.026804362214323616,
    "main_score": 0.57503
  }
}