{
  "dataset_revision": "d604517c81ca91fe16a244d1248fc021f9ecee7a",
  "mteb_dataset_name": "TweetSentimentExtractionClassification",
  "mteb_version": "1.0.2",
  "test": {
    "accuracy": 0.44717034521788335,
    "accuracy_stderr": 0.018588075277202833,
    "evaluation_time": 6.95,
    "f1": 0.44768607551427325,
    "f1_stderr": 0.02020492985640025,
    "main_score": 0.44717034521788335
  }
}