{
  "dataset_revision": "8b6510b0b1fa4e4c4f879467980e9be563ec1cdf",
  "mteb_dataset_name": "TwitterURLCorpus",
  "mteb_version": "1.0.2",
  "test": {
    "cos_sim": {
      "accuracy": 0.8506422944075755,
      "accuracy_threshold": 0.813229501247406,
      "ap": 0.7766265127782548,
      "f1": 0.6962662514033247,
      "f1_threshold": 0.7595521211624146,
      "precision": 0.6572991452991453,
      "recall": 0.7401447489990761
    },
    "dot": {
      "accuracy": 0.7582178755772888,
      "accuracy_threshold": 818.559814453125,
      "ap": 0.4768779886760859,
      "f1": 0.5308683071723044,
      "f1_threshold": 357.69818115234375,
      "precision": 0.3976980625359678,
      "recall": 0.7981213427779489
    },
    "euclidean": {
      "accuracy": 0.8462180308146078,
      "accuracy_threshold": 15.100394248962402,
      "ap": 0.7560592598545365,
      "f1": 0.6713885093837635,
      "f1_threshold": 18.01317024230957,
      "precision": 0.6297720221232969,
      "recall": 0.7188943640283338
    },
    "evaluation_time": 60.74,
    "manhattan": {
      "accuracy": 0.8458105328520976,
      "accuracy_threshold": 234.75897216796875,
      "ap": 0.7555111947645898,
      "f1": 0.6710476622101367,
      "f1_threshold": 270.3518371582031,
      "precision": 0.6585618977020015,
      "recall": 0.6840160147828765
    },
    "max": {
      "accuracy": 0.8506422944075755,
      "ap": 0.7766265127782548,
      "f1": 0.6962662514033247
    }
  }
}