{
  "dataset_revision": "70970daeab8776df92f5ea462b6173c0b46fd2d1",
  "mteb_dataset_name": "TwitterSemEval2015",
  "mteb_version": "1.0.2",
  "test": {
    "cos_sim": {
      "accuracy": 0.830362996960124,
      "accuracy_threshold": 0.8577948808670044,
      "ap": 0.6385720389952766,
      "f1": 0.5990282276723738,
      "f1_threshold": 0.7939944267272949,
      "precision": 0.5333745364647713,
      "recall": 0.6831134564643799
    },
    "dot": {
      "accuracy": 0.77415509328247,
      "accuracy_threshold": 1456.73779296875,
      "ap": 0.3643587191181735,
      "f1": 0.4446060165409434,
      "f1_threshold": 395.9083251953125,
      "precision": 0.3391099403854152,
      "recall": 0.6453825857519789
    },
    "euclidean": {
      "accuracy": 0.8225546879656673,
      "accuracy_threshold": 12.194944381713867,
      "ap": 0.6139066302439494,
      "f1": 0.5759567973702746,
      "f1_threshold": 15.164569854736328,
      "precision": 0.518824027072758,
      "recall": 0.6472295514511873
    },
    "evaluation_time": 21.6,
    "manhattan": {
      "accuracy": 0.8228527150265245,
      "accuracy_threshold": 193.67245483398438,
      "ap": 0.6132737281189664,
      "f1": 0.5748809959721715,
      "f1_threshold": 231.1605224609375,
      "precision": 0.5348625936861231,
      "recall": 0.6213720316622692
    },
    "max": {
      "accuracy": 0.830362996960124,
      "ap": 0.6385720389952766,
      "f1": 0.5990282276723738
    }
  }
}