{
  "dataset_revision": null,
  "mteb_dataset_name": "SciFact",
  "mteb_version": "1.0.2",
  "test": {
    "evaluation_time": 1632.99,
    "map_at_1": 0.314,
    "map_at_10": 0.40123,
    "map_at_100": 0.41092,
    "map_at_1000": 0.41161,
    "map_at_3": 0.37097,
    "map_at_5": 0.38628,
    "mrr_at_1": 0.32667,
    "mrr_at_10": 0.40791,
    "mrr_at_100": 0.4167,
    "mrr_at_1000": 0.41734,
    "mrr_at_3": 0.38167,
    "mrr_at_5": 0.3965,
    "ndcg_at_1": 0.32667,
    "ndcg_at_10": 0.44847,
    "ndcg_at_100": 0.49683,
    "ndcg_at_1000": 0.51477,
    "ndcg_at_3": 0.39223,
    "ndcg_at_5": 0.41744,
    "precision_at_1": 0.32667,
    "precision_at_10": 0.06667,
    "precision_at_100": 0.00923,
    "precision_at_1000": 0.00108,
    "precision_at_3": 0.15667,
    "precision_at_5": 0.108,
    "recall_at_1": 0.314,
    "recall_at_10": 0.587,
    "recall_at_100": 0.815,
    "recall_at_1000": 0.95333,
    "recall_at_3": 0.43578,
    "recall_at_5": 0.49939
  }
}